Title,Thumbnail,Price
"HP ENVY 13aq1001-ca 13.3” Laptop with Intel® i5-1035G1, 512GB SSD, 8GB RAM & Windows 10 Home",https://www.thesource.ca/medias/20191104140732-108085058-A.jpg-mediaConversion-640-x-480-mediaConversion-400-x-300-mediaConversion-200-x-150-0?context=bWFzdGVyfGltYWdlc3w5NTg4fGltYWdlL2pwZWd8aW1hZ2VzL2hhZC9oZTAvOTE5MDg4OTcxNzc5MC5qcGd8YzJlMGRmYjRkOWU1YzU5NjY0MWQxOGMyNzE3MzkzZmNmYjU2NWM3YmI1ZTM4YWMyMmI0YWM4NzU4OTNhYjI0OA,$999.99
"Acer Swift 3 SF314-57-563Z 14” Laptop with Intel® i5-1035G1, 256GB SSD, 8GB RAM & Windows 10 Home - Silver",https://www.thesource.ca/medias/20200420112900-108087756-A.jpg-mediaConversion-640-x-480-mediaConversion-400-x-300-mediaConversion-200-x-150-0?context=bWFzdGVyfGltYWdlc3wxODEzNXxpbWFnZS9qcGVnfGltYWdlcy9oMzcvaGYwLzkyNDgwNTM3NTU5MzQuanBnfDVmYTc5MzM4ZTA5ODk2ODM1NzBkY2Q1NDFlOGVlMjhiNzliMGYwZDgwMWFiMTc5NjdhNTRiN2QxMzYyNzFmY2M,$799.99
"Acer Aspire A515-52-58ZW 15.6” Laptop with Intel® i5-8265U, 128GB SSD, 8GB RAM & Windows 10 Home - Silver",https://www.thesource.ca/medias/20191024155223-108084680-A.jpg-mediaConversion-640-x-480-mediaConversion-400-x-300-mediaConversion-200-x-150-0?context=bWFzdGVyfGltYWdlc3wxMTMxNnxpbWFnZS9qcGVnfGltYWdlcy9oYWMvaGMzLzkxODkwMTM3MTcwMjIuanBnfDc0MTcxYzJlNmE3YTE2MzI1NjczYjAxOTY2MmEzYWZhZjc5Y2RkMDRiYmY3OGZkZGQwODZhNGY2MGIwMmE0YzQ,$649.99
Apple MacBook Air 13.3” 128GB - Gold - English,https://www.thesource.ca/medias/20191029090523-108085240-A.jpg-mediaConversion-640-x-480-mediaConversion-400-x-300-mediaConversion-200-x-150-0?context=bWFzdGVyfGltYWdlc3w5MzA2fGltYWdlL2pwZWd8aW1hZ2VzL2gwMy9oZDcvOTE4OTkwMDE4OTcyNi5qcGd8MjMxMWM4Mjg0NzBhZjMzNzZiYjdmNTdmOGQ4Y2ViMDgxY2QwZTZmYTJkOTBhMjRmNjkwNzE0NjRmNmJiMjE0Yw,"$1,099.99"
"Acer Spin SP314-54N-30TM 14” 2-in-1 Touchscreen Laptop with Intel® i3-1005G1, 256GB SSD, 8GB RAM & Windows 10 Home - Silver",https://www.thesource.ca/medias/20200420125901-108087754-A.jpg-mediaConversion-640-x-480-mediaConversion-400-x-300-mediaConversion-200-x-150-0?context=bWFzdGVyfGltYWdlc3wxMzk1OHxpbWFnZS9qcGVnfGltYWdlcy9oODMvaDFhLzkyNDgxOTg0OTIxOTAuanBnfGI4NDQxYjFkMTc1YWM3ZGZiYmJjOGY0YzgxNTMwZTE1NmY3NGU5ZDljMTA5YzFlZmQwMWRjZmNmMzQzZGE0ZjA,$699.99
"Acer Nitro 5 A515-42-R5ED 15.6” Gaming Laptop with AMD Ryzen 5 2500U, 1TB HDD, 8GB RAM, AMD Radeon RX 560X & Windows 10 Home - English",https://www.thesource.ca/medias/20200102113108-108086538-A.jpg-mediaConversion-640-x-480-mediaConversion-400-x-300-mediaConversion-200-x-150-0?context=bWFzdGVyfGltYWdlc3wxMDYyM3xpbWFnZS9qcGVnfGltYWdlcy9oMzcvaDRjLzkyMjAxNzQzNDgzMTguanBnfGIwNTE3MzczNzlkNDAyNDdkODFhZDlkNjRlOGIwYmZjYTA1NmRmNjExZmY4NDViNDU3MjViNmVlMWE0MmM4NjY,$749.99
"Acer Aspire A315-42-R198 15.6” Laptop with AMD Ryzen 5 3500U, 256GB SSD, 12GB RAM, AMD Radeon Vega 8 & Windows 10 S - Black",https://www.thesource.ca/medias/20190722133131-108082529-A.jpg-mediaConversion-640-x-480-mediaConversion-400-x-300-mediaConversion-200-x-150-0?context=bWFzdGVyfGltYWdlc3wzNDA2NHxpbWFnZS9qcGVnfGltYWdlcy9oYjYvaGNjLzkxNzE4MDUxMTAzMDIuanBnfDc2NWJmM2U0ZDQ2Y2FhZThlYzBjYzQ0ZTdiM2M5ZjAyYjUyNTE4YjU4MmY3NmE2ZThiM2Y5ODk2YjBjODk0MTc,$599.99
"Acer Chromebook CB514-1H-C4NT 14” Laptop with Intel® N3450, 32GB eMMC, 4GB RAM & Chrome OS - Silver",https://www.thesource.ca/medias/20190711122317-108082526-A.jpg-mediaConversion-640-x-480-mediaConversion-400-x-300-mediaConversion-200-x-150-0?context=bWFzdGVyfGltYWdlc3wyOTQyM3xpbWFnZS9qcGVnfGltYWdlcy9oNWYvaGU1LzkxNjk2NTcxMzUxMzQuanBnfGY0YWUwOGZlZWM1YTdiMjllNjdmMTQyY2FkNzZhNjNhYTIxOWQ1YzFmYTkzN2I0MmViMTdlNWYyYWFiMWI4NTE,$349.99
"Acer Nitro 5 AN515-54-58YY 15.6” Gaming Laptop with Intel® i5-9300H, 1TB HDD, 8GB RAM, NVIDIA GTX 1050 & Windows 10 Home - Black & Red",https://www.thesource.ca/medias/20190711095016-108082521-A.jpg-mediaConversion-640-x-480-mediaConversion-400-x-300-mediaConversion-200-x-150-0?context=bWFzdGVyfGltYWdlc3wzMzU3MnxpbWFnZS9qcGVnfGltYWdlcy9oNzUvaDc5LzkxNjk1NDM3MjUwODYuanBnfGMzOTAzMjYyOGRlNGZlMjIxYjU4YWYwZDM5MjVlNmM0MzM0MzA5Nzc4YzI2MzgyNzhiNzI2MjlkYWExYzJjODg,$899.99
"ASUS Transformer T101HA-RH02 CB 10.1” 2-in-1 Touchscreen Laptop with Intel® X8350, 64GB eMMC, 2GB RAM & Windows 10 - Grey",https://www.thesource.ca/medias/20190124160158-108071972-B.jpg-mediaConversion-640-x-480-mediaConversion-400-x-300-mediaConversion-200-x-150-0?context=bWFzdGVyfGltYWdlc3wxMjIwOHxpbWFnZS9qcGVnfGltYWdlcy9oNDAvaDE1LzkxMzk0OTI4NDc2NDYuanBnfGQzYWNiZmM5NzdmZmUyNzNjMWJlYWI2M2QzN2U1M2U2OTgxN2M4ZWQ2M2M4N2MxZTljOWQyYTQyY2ZkNmRkOWM,$249.99
"Acer Aspire A315-22-604B 15.6” Laptop with AMD A6-9220e, 256GB SSD, 8GB RAM, AMD Radeon R4 & Windows 10 Home - Black",https://www.thesource.ca/medias/20191114142510-108084712-A.jpg-mediaConversion-640-x-480-mediaConversion-400-x-300-mediaConversion-200-x-150-0?context=bWFzdGVyfGltYWdlc3w5NDQyfGltYWdlL2pwZWd8aW1hZ2VzL2gyNC9oNjgvOTE5MzE0MTUzNDc1MC5qcGd8ZDg4ZWZiMDJkYzA2OWVkMjhiYTg0MjU0YzVjMzMxMzVjZjIwNjIzZWU2YzQ5ZjM4Y2NkYmQ4MTA0MTAwNWU0Yg,$429.99
"ASUS VivoBook S15 S512FA-DB71 15.6” Laptop with Intel® i7-8565U, 1TB HDD, 256GB SSD, 8GB RAM & Windows 10 - Silver",https://www.thesource.ca/medias/20190729103519-108082706-A.jpg-mediaConversion-640-x-480-mediaConversion-400-x-300-mediaConversion-200-x-150-0?context=bWFzdGVyfGltYWdlc3wyMDE4NnxpbWFnZS9qcGVnfGltYWdlcy9oZDIvaDExLzkxNzI4MDI3NjQ4MzAuanBnfDVkOGJhOTVhMjAzMGYxNGRlMDJiOTJhZjUyNWZmYzEzYzU3NGJkZDgwMTEzNWJlZDg5MGRjMDVkZTY2ZGIxYTA,$899.99
"Acer Aspire A315-42-R3ZH 15.6” Laptop with AMD Ryzen 3-3200U, 256GB SSD, 12GB RAM, AMD Radeon Vega 3 & Windows 10 S - Black",https://www.thesource.ca/medias/20190711095016-108082525-A.jpg-mediaConversion-640-x-480-mediaConversion-400-x-300-mediaConversion-200-x-150-0?context=bWFzdGVyfGltYWdlc3wzNDIzN3xpbWFnZS9qcGVnfGltYWdlcy9oOTMvaDZkLzkxNjk1NDU1NjAwOTQuanBnfDQ4NWQ0YTI0YzQxYzMxZDAyNDZhMTNmOTMzYzM0NTFjYTY0MDcxMzk4Yzk4MDYwNzc5ODIyOTMwODRmZjM3NWQ,$499.99
"Acer Chromebook 11 CB3-132-11B9 11.6” Laptop with Intel® x5-E8000, 16GB eMMC, 4GB RAM & Chrome OS - White",https://www.thesource.ca/medias/20191018151527-108084679-A.jpg-mediaConversion-640-x-480-mediaConversion-400-x-300-mediaConversion-200-x-150-0?context=bWFzdGVyfGltYWdlc3w5NzQ0fGltYWdlL2pwZWd8aW1hZ2VzL2g1NC9oYTYvOTE4NzY5NTUyNTkxOC5qcGd8ZGVmZmMzOTc4ZGZjYWFmNzI5Y2NkNmY3MTkxOGU1OGM0YzA2MDE2OTc2MDRlMzUxZjAxOGI2MDFhNmIzM2Y3OQ,$269.99
"ASUS ROG Zephyrus S GX502GV-PB74 15.6” Gaming Laptop with Intel® i7-9750H, 512GB SSD, 16GB RAM, NVIDIA RTX 2060 & Windows 10 - Metallic Black",https://www.thesource.ca/medias/20190626155011-108083012-A.jpg-mediaConversion-640-x-480-mediaConversion-400-x-300-mediaConversion-200-x-150-0?context=bWFzdGVyfGltYWdlc3wyNzkzNXxpbWFnZS9qcGVnfGltYWdlcy9oMmEvaDlhLzkxNjczMjU3MjQ3MDIuanBnfGEwYzJjZDBlZmZiNDUzNTRjYWY3MjhhNGQzNWIyY2E4YzVmYjFhNWNjNDdmODQzZDZjZTRhMmRmYjQ3NThhNDU,"$2,199.99"
"ASUS ROG Strix III G GL731GU-RB74 17.3” Gaming Laptop with Intel® i7-9750H, 512GB SSD, 16GB RAM, NVIDIA GTX 1660 Ti & Windows 10 - Metallic Black",https://www.thesource.ca/medias/20190625150618-108083014-A.jpg-mediaConversion-640-x-480-mediaConversion-400-x-300-mediaConversion-200-x-150-0?context=bWFzdGVyfGltYWdlc3wyNDgxNnxpbWFnZS9qcGVnfGltYWdlcy9oZGUvaDFmLzkxNjcxMDEzMjk0MzguanBnfDM4ODY3MzRlOTlkN2U4YTI2ZjY5OWFkYTRkMGQ2NGE0NmYwMjMwZGNlM2E5MzIwOGZiMTYxM2FmMGVlM2QzMzU,"$1,899.99"
"HP 14-cf0016ca 14” Laptop with Intel® i3-7020U, 1TB HDD, 8GB RAM & Windows 10 - White - Refurbished",https://www.thesource.ca/medias/20180705115224-108076427-A.jpg-mediaConversion-640-x-480-mediaConversion-400-x-300-mediaConversion-200-x-150-0?context=bWFzdGVyfGltYWdlc3wxMDQwOXxpbWFnZS9qcGVnfGltYWdlcy9oN2QvaDg0LzkwODA4MTUxOTAwNDYuanBnfDQwNGIzY2IwMDIxMjFlYzJhZDNkYWEwYWMwNmM3MmI1OGZlZmYxYmUzMDE5Yzk0MmYzYjBmZjA5OTVmZjlkZjM,$549.99
"ASUS Vivobook S15 S510UA-RS51 15.6” Laptop with Intel® i5-8250U, 1TB HDD, 8GB RAM & Windows 10 - Gold Metal",https://www.thesource.ca/medias/20180116160311-108074750-A.jpg-mediaConversion-640-x-480-mediaConversion-400-x-300-mediaConversion-200-x-150-0?context=bWFzdGVyfGltYWdlc3wxMjUxNHxpbWFnZS9qcGVnfGltYWdlcy9oNDQvaGUxLzkwNDM4NDA0MDE0MzguanBnfDYzNDFjNTYwYjhjNDk0MGZkZmNlMjU2OGNlZTA2NmE4NjAyZTExM2ZjYzdlNTMzOWNmYTlmNTI5ZmIzZDZjNWI,$899.99
"Acer Chromebook 15 CB3-532-111K 15.6” Laptop with Intel® E8000, 16GB eMMC, 4GB RAM & Chrome OS",https://www.thesource.ca/medias/20191218150705-108084681-A.jpg-mediaConversion-640-x-480-mediaConversion-400-x-300-mediaConversion-200-x-150-0?context=bWFzdGVyfGltYWdlc3wxMTkyN3xpbWFnZS9qcGVnfGltYWdlcy9oNjIvaDE5LzkyMTQ3NDAwNzA0MzAuanBnfDA1MjY5ODhiNTliYWNlZmZhMTgxODNlZTA0OGZhMDA5YTc4OTdlMWY5MDEwODY1MDJhZmQ0ZGZmZjc3NTY5OTc,$299.99
"ASUS VivoBook X540UA-TB51-CB 15.6” Laptop with Intel® i5-8250U, 1TB SSHD, 8GB RAM & Windows 10 - Chocolate Black & Gold",https://www.thesource.ca/medias/20190708163040-108082673-A.jpg-mediaConversion-640-x-480-mediaConversion-400-x-300-mediaConversion-200-x-150-0?context=bWFzdGVyfGltYWdlc3wyNTA4NHxpbWFnZS9qcGVnfGltYWdlcy9oZDUvaGY3LzkxNjkxMTQ2OTM2NjIuanBnfDk0MDNlMTY2ZDVkMGZkMzQxN2VkMDQwMWM1OGQ3NGI1OTVmYjQ4ZTBjYTIwNmNjYTBmMTYzY2VkODdlYTQzZGM,$799.99
"ASUS ZenBook 13 UX331FA-DB71 13.3” Laptop with Intel® i7-8565U, 512GB SSD, 8GB RAM & Windows 10 - Slate Grey",https://www.thesource.ca/medias/20190709151710-108082704-A.jpg-mediaConversion-640-x-480-mediaConversion-400-x-300-mediaConversion-200-x-150-0?context=bWFzdGVyfGltYWdlc3wxNjUwMnxpbWFnZS9qcGVnfGltYWdlcy9oODcvaGE0LzkxNjkyOTY2NTQzNjYuanBnfDk2MDA4Y2Q2ZmU2ZGNiODZhMjI5NGM3ZWQ3MDE1OTQxNTM4NzM3Yjk1NDc1YWEzYjU2ZjllZjVjZmYxZDA1ZTk,"$1,099.99"
"ASUS TUF FX505DD-RB71-CB 15.6” Gaming Laptop with AMD Ryzen 7-3750H, 1TB SSHD, 8GB RAM, NVIDIA GTX 1050 & Windows 10 - Black",https://www.thesource.ca/medias/20190709141710-108082707-A.jpg-mediaConversion-640-x-480-mediaConversion-400-x-300-mediaConversion-200-x-150-0?context=bWFzdGVyfGltYWdlc3wyODA5NnxpbWFnZS9qcGVnfGltYWdlcy9oOTMvaGM3LzkxNjkyOTMwODI2NTQuanBnfDJhZjJjNjZiNmU1MjM3NjY2MTA3MWIyMGRlNTllYzg1YWQ0NGY1MDFlOGQ3NTIwZTA4NTFiMmU0ZDQ3YzY0ZGI,"$1,099.99"
"ASUS VivoBook X540UA-TH31T-CB 15.6” Touchscreen Laptop with Intel® i3-7020U, 1TB SSHD, 8GB RAM & Windows 10 - Chocolate Black & Gold",https://www.thesource.ca/medias/20191101101121-108084408-A.jpg-mediaConversion-640-x-480-mediaConversion-400-x-300-mediaConversion-200-x-150-0?context=bWFzdGVyfGltYWdlc3wxMDkyMXxpbWFnZS9qcGVnfGltYWdlcy9oYWUvaDBjLzkxOTAzODE4NDY1NTguanBnfDlmM2E1YjA4ZTEwMWI4NDcxNDgwOWI1MjkzZDdmYTNhNWM4MGE3OGY1OTczM2RkYjE4N2NlYTM0MTgyZDFiNDI,$699.99
"ASUS X509JA-TS31-CB 15.6” Laptop with Intel® i3-1005G1, 256GB SSD, 8GB RAM & Windows 10 - Slate Grey",https://www.thesource.ca/medias/20200205095927-108086849-A.jpg-mediaConversion-640-x-480-mediaConversion-400-x-300-mediaConversion-200-x-150-0?context=bWFzdGVyfGltYWdlc3w5NTg3fGltYWdlL2pwZWd8aW1hZ2VzL2hjNi9oMDEvOTIyNjQwODAzNDMzNC5qcGd8MjUzNThmNjAyOTE2ZjBlMjk2M2ZlMzZkODlmZDBiYjNmYzA1ZTJmNWIyY2ZmNTM4NDU3ZDY2NTMzZWFmZTQyYw,$599.99
"ASUS X509JA-TS51-CB 15.6” Laptop with Intel® i5-1035G1, 1TB HDD, 8GB RAM & Windows 10 - Slate Grey",https://www.thesource.ca/medias/20200205095927-108086850-A.jpg-mediaConversion-640-x-480-mediaConversion-400-x-300-mediaConversion-200-x-150-0?context=bWFzdGVyfGltYWdlc3w5NTg3fGltYWdlL2pwZWd8aW1hZ2VzL2hmZi9oZDUvOTIyNjQwOTYwNzE5OC5qcGd8OGI1N2E4MWYyMWU4MDc4MTlhYmNlNjBlOGRlMjVkOWU0M2RiNTA4ZWYyMmYyNGEzNzk0NmQ4NDA1NjIyMWQxNQ,$699.99
"HP 15-DA2001CA 15.6” Laptop with Intel® i3-10110U, 1TB HDD, 128GB SSD, 8GB RAM & Windows 10 Home",https://www.thesource.ca/medias/20191010164219-108084987-A.jpg-mediaConversion-640-x-480-mediaConversion-400-x-300-mediaConversion-200-x-150-0?context=bWFzdGVyfGltYWdlc3w5MjQ3fGltYWdlL2pwZWd8aW1hZ2VzL2g4Ny9oNjAvOTE4NTg4ODg5NTAwNi5qcGd8MDlmMGE1Mjc4NDQ3ODcwNzhlMjc5M2U2ZmYyMGE5NzBmZTYzMmQxYWJjNGEyZjkwOTM3ZjhlNzczMWIzNDE0ZA,$649.99
"ASUS VivoBook Flip 14 J401MA-YS02 14” Touchscreen Laptop with Intel® N4000, 64GB eMMC, 4GB RAM & Windows 10 Home in S mode - Light Grey",https://www.thesource.ca/medias/20190301095638-108081048-A.jpg-mediaConversion-640-x-480-mediaConversion-400-x-300-mediaConversion-200-x-150-0?context=bWFzdGVyfGltYWdlc3wyODEwN3xpbWFnZS9qcGVnfGltYWdlcy9oOWUvaDc3LzkxNDY1MTI3MDM1MTguanBnfDc5YmJlMDU3MGVkYzhhNTVjY2VmNzc0MTMxYTY3Y2IwY2Y4NTY1MjlhNjI2NjkxOTI1MTUwYTJmNjI3ODhlYzY,$449.99
"Acer Swift 5 SF515-51T-73PI 15.6” Touchscreen Laptop with Intel® i7-8565U, 256GB SSD, 8GB RAM & Windows 10 Home - Silver",https://www.thesource.ca/medias/20190711142319-108082527-A.jpg-mediaConversion-640-x-480-mediaConversion-400-x-300-mediaConversion-200-x-150-0?context=bWFzdGVyfGltYWdlc3wzMjk3M3xpbWFnZS9qcGVnfGltYWdlcy9oNmMvaDBkLzkxNjk2NzE5NDYyNzAuanBnfDQzMzk1ZjZjNjUyZjAxZTZiYzk5N2NkOGQxZjdhMzUzMTQ3ZDYwNGU4ZDU4ZGZjY2JiYWQ0NTY2MzQ5MWUzZWU,"$1,199.99"
"Acer Chromebook 11 CB3-132-C6ZD 11.6” Laptop with Intel® N3060, 16GB eMMC, 4GB RAM & Chrome OS - White",https://www.thesource.ca/medias/20180814140547-108076478-A.jpg-mediaConversion-640-x-480-mediaConversion-400-x-300-mediaConversion-200-x-150-0?context=bWFzdGVyfGltYWdlc3wyOTU1MXxpbWFnZS9qcGVnfGltYWdlcy9oYTIvaGQ3LzkwOTAyNzgyMjc5OTguanBnfDM5ZjkxMTZjZDg1NGU4YjMwYTNjODljN2ZjODQxZDU4M2FkMzA0NTIyYTA1Mzg0MGZlNjRhYjVlODY3NjAyYTg,$279.99
"ASUS VivoBook Max X441UA-SB51-CB 14"" Laptop with Intel® i5-7200, 1TB HDD, 8GB RAM & Windows 10 - Chocolate Black & Gold",https://www.thesource.ca/medias/20180322094529-108074749-A.jpg-mediaConversion-640-x-480-mediaConversion-400-x-300-mediaConversion-200-x-150-0?context=bWFzdGVyfGltYWdlc3w2MDY1fGltYWdlL2pwZWd8aW1hZ2VzL2hiNC9oYzIvOTA1NzcyNzYxMDkxMC5qcGd8YmYwZjJmMWVmYTk3YTEwZjNlZDcyODVmMzE2ZjY2YjVkNTg1Yjc0MWY5OTNiNGEzMTczMWZkODIzNzZlNjQ0Mw,$749.99
"HP Spectre x360-13-ae010ca 13.3” Laptop with Intel® i5-8250U, 256GB SSD, 8GB RAM & Windows 10 - Silver",https://www.thesource.ca/medias/20171019091455-108073339-A.jpg-mediaConversion-640-x-480-mediaConversion-400-x-300-mediaConversion-200-x-150-0?context=bWFzdGVyfGltYWdlc3w0NDczfGltYWdlL2pwZWd8aW1hZ2VzL2hiOS9oYWIvOTAxMDgwNzQ3MjE1OC5qcGd8MDc3MzZhMWExMGQzZWUyZmIwOTZlZGRlMTRjMzZmNWVkYTIwZjQxMmExMDg2NWE3MzMyZGUyOGE2ZmQ1OGY0MA,"$1,549.99"
Apple MacBook Pro 16” 512GB with Touch Bar - Space Grey - English,https://www.thesource.ca/medias/20191119141010-108086064-A.jpg-mediaConversion-640-x-480-mediaConversion-400-x-300-mediaConversion-200-x-150-0?context=bWFzdGVyfGltYWdlc3wxMDU2M3xpbWFnZS9qcGVnfGltYWdlcy9oN2QvaDQ1LzkxOTQ3MjgzNTc5MTguanBnfGY5ODhlYWNiM2VmYjAxNTM0OTRmM2ZlYmU2Y2E0YmYwYzViYjhlNzBlZjU1MTcwNTlkNzgxY2ZhZTA2YzlkNmU,"$2,999.99"
Apple MacBook Pro 16” 512GB with Touch Bar - Silver - English,https://www.thesource.ca/medias/20191119141010-108086068-A.jpg-mediaConversion-640-x-480-mediaConversion-400-x-300-mediaConversion-200-x-150-0?context=bWFzdGVyfGltYWdlc3wxMDM1M3xpbWFnZS9qcGVnfGltYWdlcy9oZjcvaDI2LzkxOTQ3Mjk5MzA3ODIuanBnfDY2ZDc1OGMwMjAwNThmYmEwNTY1ZjZmNTllMGUxMjBhYWMzNDFhMzZkNmJiNzFlM2E5NjgzMjY5ZTJkMTZmN2Q,"$2,999.99"
"ASUS VivoBook 14 X412FA-TB51-CB 14” Laptop with Intel® i5-8265U, 512GB SSD, 8GB RAM & Windows 10",https://www.thesource.ca/medias/20190722110114-108082705-A.jpg-mediaConversion-640-x-480-mediaConversion-400-x-300-mediaConversion-200-x-150-0?context=bWFzdGVyfGltYWdlc3wxODU2OXxpbWFnZS9qcGVnfGltYWdlcy9oMzEvaDY3LzkxNzE3OTU3MDU4ODYuanBnfGFkMmE5ZTRmN2Q5NzBiYTY0NzA1YjEzOTYyNDMzYTQ2MWY2ODM0NDAyODg3YmQxZjVkZjcyZmIwYWQ4MThlNmQ,$999.99
"Apple MacBook Pro 13.3” 128GB, 1.4GHz, Intel® i5 with Touch Bar - Space Grey - French",https://www.thesource.ca/medias/20191028122117-108085245-A.jpg-mediaConversion-640-x-480-mediaConversion-400-x-300-mediaConversion-200-x-150-0?context=bWFzdGVyfGltYWdlc3w1OTgwfGltYWdlL2pwZWd8aW1hZ2VzL2gxYi9oYTYvOTE4OTY4MzM2Mzg3MC5qcGd8NmYwMTg4NmIyOTI0NDZhMDg1M2Y1MzFhMDA1NThjNTU3MzhmM2I3YzM0ZjFmZWYzNjU2OTU2YjRiZmZlNDY3ZQ,"$1,699.99"
"Apple MacBook Pro 13.3” 256GB, 1.4GHz, Intel® i5 with Touch Bar - Space Grey - French",https://www.thesource.ca/medias/20191028122117-108085247-A.jpg-mediaConversion-640-x-480-mediaConversion-400-x-300-mediaConversion-200-x-150-0?context=bWFzdGVyfGltYWdlc3w1OTgwfGltYWdlL2pwZWd8aW1hZ2VzL2gwMC9oM2UvOTE4OTY4NDkzNjczNC5qcGd8MjYxZGQ4MmY2NDNmNTY0MGY0ZDcwMjU3YmUwMjA3MjdjMzc3MzEwMGY3ZWUwNzIyMWU5MjE1NzM2NjBhNGJmNw,"$1,949.99"
"Apple MacBook Pro 13.3” 256GB, 1.4GHz, Intel® i5 with Touch Bar - Space Grey - English",https://www.thesource.ca/medias/20191028122117-108085246-A.jpg-mediaConversion-640-x-480-mediaConversion-400-x-300-mediaConversion-200-x-150-0?context=bWFzdGVyfGltYWdlc3w1OTgwfGltYWdlL2pwZWd8aW1hZ2VzL2g0NC9oM2UvOTE4OTY4NDE1MDMwMi5qcGd8ZmI0Yzc1NWU3MmU4MzExMDVjOWI0NjAzZGFhMWU0YWU5MTgzMzFhZDYyZDc4OTg0YTM4YTFhYzZkOTE4ZjIxYw,"$1,949.99"
"Apple MacBook Pro 13.3” 128GB, 1.4GHz, Intel® i5 with Touch Bar - Space Grey - English",https://www.thesource.ca/medias/20191028122117-108085244-A.jpg-mediaConversion-640-x-480-mediaConversion-400-x-300-mediaConversion-200-x-150-0?context=bWFzdGVyfGltYWdlc3w1OTgwfGltYWdlL2pwZWd8aW1hZ2VzL2gxMi9oMDEvOTE4OTY4MjU3NzQzOC5qcGd8ZWMyMGQwNmJmYjUxMmEzYTE0NGYwOGVmYjQxZGIwMWQ0OGQyNjg4NDgwYjBiOGEyODRkNWI0MTJkNjFlYzg3Zg,"$1,699.99"
"ASUS ProArt StudioBook Pro 17 W700G3T-XH99 17” Laptop with Intel® Xeon E-2776M, 2TB SSD, 32GB RAM, NVIDIA RTX 3000 & Windows 10 Pro - Turquoise Grey",https://www.thesource.ca/medias/20200211150126-108086920-A.jpg-mediaConversion-640-x-480-mediaConversion-400-x-300-mediaConversion-200-x-150-0?context=bWFzdGVyfGltYWdlc3wxMjg5OHxpbWFnZS9qcGVnfGltYWdlcy9oYjUvaDYxLzkyMjc1MTE1OTUwMzguanBnfGQ1ODU0NWU2N2IyZTU0OWZlZDM4NWFhMmY5YjhmYmFkNTczNzZlZTcyN2ZjNzc2NTMyMDY3MWQyOTNlMzJlYjg,"$3,999.99"
"Acer Swift 1 SF114-32-P30S 14” Laptop with Intel® N5000, 64GB eMMC, 4GB RAM & Windows 10 Home - Silver",https://www.thesource.ca/medias/20180731133527-108076421-A.jpg-mediaConversion-640-x-480-mediaConversion-400-x-300-mediaConversion-200-x-150-0?context=bWFzdGVyfGltYWdlc3wyMzgyNnxpbWFnZS9qcGVnfGltYWdlcy9oM2UvaDJjLzkwODcwODExODUzMTAuanBnfDkyYzFmOTYxNzM5MDY4Njk2NDBmOTAwN2ZmYzUwOTJmZjUyY2M4YTUyMWIxNTAxMmU2YThlM2NlZTRkNzk5YTE,$499.99
"Acer Aspire A515-51-85UY 15.6"" Laptop with Intel® i7-8550U, 1TB HDD, 128GB SDD, 8GB RAM & Windows 10 Home",https://www.thesource.ca/medias/20180612160409-108076416-A.jpg-mediaConversion-640-x-480-mediaConversion-400-x-300-mediaConversion-200-x-150-0?context=bWFzdGVyfGltYWdlc3w5NjE3fGltYWdlL2pwZWd8aW1hZ2VzL2g2Zi9oZmUvOTA3NTQ0ODc0MTkxOC5qcGd8OGJiMzczOTg3YjQxNGY2NjUwMGQxMWExMDUyZDhlYzVmZmUxN2MxM2NiMTgyNzU0MzExY2FiMjZhOGJhMWY5Yg,$999.99
"Acer Swift 3 SF314-54-59LJ 14” Laptop with Intel® i5-8250U, 128GB SSD, 8GB RAM & Windows 10 Home - Silver",https://www.thesource.ca/medias/20180731133527-108076423-A.jpg-mediaConversion-640-x-480-mediaConversion-400-x-300-mediaConversion-200-x-150-0?context=bWFzdGVyfGltYWdlc3wyNjY5M3xpbWFnZS9qcGVnfGltYWdlcy9oODgvaDVhLzkwODcwODIyMzM4ODYuanBnfGE0OGIxYjZmNTA3MDUyNzc3NWQ2Mzc5YjAzMTg3MzEzMTQyOTFmYzRiNTI5N2ZlZDA4YmY0OTAxMzY3YjJmMzk,$799.99
"Acer Swift SF514-52T-50ZL 14"" Touchscreen Laptop with Intel® i5-8250U, 256GB SDD, 8GB RAM & Windows 10 Home - Blue",https://www.thesource.ca/medias/20180614095407-108076424-A.jpg-mediaConversion-640-x-480-mediaConversion-400-x-300-mediaConversion-200-x-150-0?context=bWFzdGVyfGltYWdlc3w5MzIzfGltYWdlL2pwZWd8aW1hZ2VzL2gwYy9oMTMvOTA3NTgzNjQyMDEyNi5qcGd8YTI3MWZlYmVmMWVjNzU0ZjgxYmJlZTA0ZDcwM2YzYTdmMmQ2YWY0YzY3YTc0ZmY2MmI2OGEzYTk3NTZkZWFlNg,"$1,199.99"
"ASUS VivoBook X540UA-TS31-CB 15.6” Laptop with Intel® i3-7020U, 256GB SSD, 8GB RAM & Windows 10 - Chocolate Black & Gold",https://www.thesource.ca/medias/20190205150934-108080461-A.jpg-mediaConversion-640-x-480-mediaConversion-400-x-300-mediaConversion-200-x-150-0?context=bWFzdGVyfGltYWdlc3wyNTM3NXxpbWFnZS9qcGVnfGltYWdlcy9oNDgvaDczLzkxNDE2ODMxMjYzMDIuanBnfDkyZjExODVjODJhMTg0Y2RiOTIwY2E4MzA3MTE4ZjIzZjU3ZWE2ZmEyY2M1MmQ4MzdjZjQ4YTk1MmQ0MDdmNjQ,$699.99
"ASUS VivoBook X510QA-TS12-CB 15.6” Laptop with AMD A12-9720P, 512GB SSD, 8GB RAM, AMD Radeon R7 & Windows 10 - Grey",https://www.thesource.ca/medias/20190402155446-108081201-A.jpg-mediaConversion-640-x-480-mediaConversion-400-x-300-mediaConversion-200-x-150-0?context=bWFzdGVyfGltYWdlc3wyMzA3NXxpbWFnZS9qcGVnfGltYWdlcy9oZDYvaDMxLzkxNTE4ODU4MDM1NTAuanBnfGZhM2FlYTU4N2I2ZDFmMGU3NGFjYTlhN2FiZDcxNjI4Y2UzNmFiMDk4YWYyNzAxMThhZDI5ZmM5ZTc2NmJlMTE,$749.99
"ASUS X540MA-TS01-CB 15.6"" Laptop with Intel® N4000, 1TB HDD, 4GB RAM & Windows 10 - Chocolate Black & Gold",https://www.thesource.ca/medias/20190301095638-108081037-A.jpg-mediaConversion-640-x-480-mediaConversion-400-x-300-mediaConversion-200-x-150-0?context=bWFzdGVyfGltYWdlc3wyNjIzNnxpbWFnZS9qcGVnfGltYWdlcy9oZmIvaDI5LzkxNDY1MDk4MTk5MzQuanBnfDVkNTJkODcwZjA2YjIwYjZmOWZlMzgxNTY1ZGRmN2Y0NTRhYWI5NDE5N2Y5ZWEzMjViNWYzOTlhNjgwNWE3ZGE,$429.99
"HP 14-dk0001ca 14” Laptop with AMD A6-9225, 256GB SSD, 8GB RAM & Windows 10 - Silver",https://www.thesource.ca/medias/20190709114523-108082632-A.jpg-mediaConversion-640-x-480-mediaConversion-400-x-300-mediaConversion-200-x-150-0?context=bWFzdGVyfGltYWdlc3wyNDE4MXxpbWFnZS9qcGVnfGltYWdlcy9oYTcvaDMxLzkxNjkyMTkzODc0MjIuanBnfGY4ZmFhNGY4N2NhNzY5MjBiY2VkM2RlOTBiNDRkZTE0ZjAxODM0NWM5NGNiZDFiYWRlMmQ5NzZiODFhYzk0NjA,$579.99
"HP 17-ca1001ca 17.3” Laptop with AMD Ryzen 3 3200U, 1TB HDD, 8GB RAM, AMD Radeon Vega 3 & Windows 10 - Silver",https://www.thesource.ca/medias/20190709101422-108082634-A.jpg-mediaConversion-640-x-480-mediaConversion-400-x-300-mediaConversion-200-x-150-0?context=bWFzdGVyfGltYWdlc3wyMzUzM3xpbWFnZS9qcGVnfGltYWdlcy9oYzYvaDQ0LzkxNjkyMTUwMjkyNzguanBnfDgwZjc5NTc1OTlkNDhkNzFiZGRiM2I3MWNjMDQyYjU4ZGI0NDgwMTg5NmQ4MzY1NTRjYTEyNDEzZWFlMGJlOTg,$649.99
"ASUS ZenBook Pro Duo UX581GV-XB74T 15.6” Laptop with Intel® i7-9750H, 1TB SSD, 16GB RAM, NVIDIA RTX 2060 & Windows 10 Pro - Celestial Blue",https://www.thesource.ca/medias/20191104103715-108085804-A.jpg-mediaConversion-640-x-480-mediaConversion-400-x-300-mediaConversion-200-x-150-0?context=bWFzdGVyfGltYWdlc3wxMjQyOXxpbWFnZS9qcGVnfGltYWdlcy9oZjgvaGQzLzkxOTA4Mjk4MTc4ODYuanBnfDUxMDMwNWYwYjgyYTI5MGQyZjE1OWYxYzgwZmUyMTczOTE2MTE2YmFmZTk4NTUxYmE3MzJkOTAyNGUwOWU4Yjc,"$3,299.99"
"ASUS VivoBook Flip 14 TP412FA-DS51T-CA 14” Touchscreen Laptop with Intel® i5-10210U, 256GB SSD, 8GB RAM & Windows 10 Home",https://www.thesource.ca/medias/20200205095927-108086904-A.jpg-mediaConversion-640-x-480-mediaConversion-400-x-300-mediaConversion-200-x-150-0?context=bWFzdGVyfGltYWdlc3w3OTY2fGltYWdlL2pwZWd8aW1hZ2VzL2hmMi9oMjQvOTIyNjQxMjQ5MDc4Mi5qcGd8ZDAwYjUwMWIzZGU4OWI0ODVhNjZiZWY2M2U1MjRhZDhiZTZjNmI3MTQ2ZDU2YTQ3MjJjNWUyNmIxNmY2MDI4NA,$849.99
"ASUS VivoBook S15 S530FA-DB51-YL 15.6” Laptop with Intel® i5-8265U, 256GB SSD, 8GB RAM & Windows 10 Home - Silver & Yellow",https://www.thesource.ca/medias/20190227160611-108081055-A.jpg-mediaConversion-640-x-480-mediaConversion-400-x-300-mediaConversion-200-x-150-0?context=bWFzdGVyfGltYWdlc3wyMDY4NnxpbWFnZS9qcGVnfGltYWdlcy9oZDUvaGZiLzkxNDYxODI2MzE0NTQuanBnfDhlYzZjN2E5YmJhY2I5NmZkMDkyNWQwOTVmNTA1ODFiOWQ0NjA1OTczYjI4YjEwYjg0ZDk1OGU1MGYwZjAzODk,$929.99
"ASUS ZenBook S UX391FA-XH74T 13.3” Touchscreen Laptop with Intel® i7-8565U, 512GB SSD, 16GB RAM & Windows 10 Pro - Deep Dive Blue",https://www.thesource.ca/medias/20190227170626-108081056-A.jpg-mediaConversion-640-x-480-mediaConversion-400-x-300-mediaConversion-200-x-150-0?context=bWFzdGVyfGltYWdlc3wxNjc4OHxpbWFnZS9qcGVnfGltYWdlcy9oMmIvaGNhLzkxNDYyMjQyNzk1ODIuanBnfGQ4YmM5MGZlMDM0NWMwMTlhYTY4MGJiNDE0Y2Y2MmM5N2M1ODIwZDdmNjgyYWE5NzAwZDA2YTE2YjUxMzFiZmM,"$1,999.99"
"ASUS VivoBook S15 S530FA-DB51 15.6” Laptop with Intel® i5-8265U, 256GB SSD, 8GB RAM & Windows 10 Home - Gun Metal",https://www.thesource.ca/medias/20190227153610-108081052-A.jpg-mediaConversion-640-x-480-mediaConversion-400-x-300-mediaConversion-200-x-150-0?context=bWFzdGVyfGltYWdlc3wxNjc0MHxpbWFnZS9qcGVnfGltYWdlcy9oYWMvaDg2LzkxNDYxNzQzNDExNTAuanBnfGE5NTcyZGQxOTIzNTkzZWFhZDZlMDViYzA5ZTA3MTc5ZGM2MGJlY2Q1ZTQ4YWNhN2YyYzIxNDNjNDIyOTIyNDc,$929.99
"Acer Switch Alpha 12 SA5-271-36RS 12” 2-in-1 Touchscreen Laptop with Intel® i3-6100U, 128GB SSD, 8GB RAM & Windows 10 Home",https://www.thesource.ca/medias/20190528113750-108081500-A.jpg-mediaConversion-640-x-480-mediaConversion-400-x-300-mediaConversion-200-x-150-0?context=bWFzdGVyfGltYWdlc3wyNjgzNXxpbWFnZS9qcGVnfGltYWdlcy9oZTgvaDEyLzkxNjIxMTUxODY3MTguanBnfDA1YWZhOTg3ZTJmZDg4MTEwYzBlODkxYzUzMGRhN2E1NjFjZGY1YzZjYzUyMWFlOGMxZTk0ZGIwZTY5MjFlYWU,$849.99
"ASUS Flip C434TA-DSM4T 14” Touchscreen Chromebook with Intel® m3-8100Y, 64GB eMMC, 4GB RAM & Chrome OS - Silver",https://www.thesource.ca/medias/20190422161446-108081808-A.jpg-mediaConversion-640-x-480-mediaConversion-400-x-300-mediaConversion-200-x-150-0?context=bWFzdGVyfGltYWdlc3wyMzA5N3xpbWFnZS9qcGVnfGltYWdlcy9oM2YvaDg3LzkxNTU4MjU0MDE4ODYuanBnfGFmZTVkNWFlNjQyOTcwOTY1OGJhOGU5MzUxMGI0NDg1Y2IyZDM4NTdiMDA0NjkyMjg3M2JkZjEzOTRhNmQ4Zjc,$699.99
"ASUS ROG Strix Scar Edition GL703GS-DS74 17.3"" Gaming Laptop with Intel® i7-8750H, 1TB SSHD, 16GB RAM, NVIDIA GTX 1070 & Windows 10 - Gunmetal & Weave",https://www.thesource.ca/medias/20181030120025-108079300-A.jpg-mediaConversion-640-x-480-mediaConversion-400-x-300-mediaConversion-200-x-150-0?context=bWFzdGVyfGltYWdlc3wxMzI1MXxpbWFnZS9qcGVnfGltYWdlcy9oNWMvaDYzLzkxMDc3Mjc1ODEyMTQuanBnfGExZWRmODFhODYzMTg3MmNjMzMxMTkxZGNlZjZkMmUwODBkYzEyZDY0Y2UwMDkzMWNiY2EzZjMwM2JjMDE0ZDU,"$2,499.99"
Apple MacBook Pro 15.4” 256GB with Touch Bar - Space Grey - English,https://www.thesource.ca/medias/20191028132118-108085248-A.jpg-mediaConversion-640-x-480-mediaConversion-400-x-300-mediaConversion-200-x-150-0?context=bWFzdGVyfGltYWdlc3w2Nzg2fGltYWdlL2pwZWd8aW1hZ2VzL2gwYi9oNjYvOTE4OTY5MTM1OTI2Mi5qcGd8YzZkMTQ4MGUzZGNlMzhkNTA4MDliMTM2ZWY3MzIzOTBkNjZiMTU3YzBiOWIwMDc3NmI3YzZhNThkYWNkODVjOA,"$2,999.99"
"ASUS ROG Zephyrus M GU502GU-XB74 15.6” Gaming Laptop with Intel® i7-9750H, 512GB SSD, 16GB RAM, NVIDIA GTX 1660 Ti & Windows 10 Pro - Metallic Black",https://www.thesource.ca/medias/20190625103314-108083013-A.jpg-mediaConversion-640-x-480-mediaConversion-400-x-300-mediaConversion-200-x-150-0?context=bWFzdGVyfGltYWdlc3wyODgyMnxpbWFnZS9qcGVnfGltYWdlcy9oMjkvaDM4LzkxNjY5Mzc5NDgxOTAuanBnfGExODIzOGYyMWUwMGRjNWU1ZDgyMzFmMmU1OTZmN2JhNjViY2EyYWI1MDlhMTg3MzgzYjg2YmNlNWE5ZDA4ZDc,"$2,299.99"
"ASUS VivoBook 15 F512DA-EB51 15.6” Laptop with AMD Ryzen 5 3500U, 256GB SSD, 8GB RAM, AMD Vega 8 & Windows 10 - Slate Grey",https://www.thesource.ca/medias/20190702160349-108083015-A.jpg-mediaConversion-640-x-480-mediaConversion-400-x-300-mediaConversion-200-x-150-0?context=bWFzdGVyfGltYWdlc3wxOTU3MXxpbWFnZS9qcGVnfGltYWdlcy9oZWUvaDBmLzkxNjgzNDE0OTk5MzQuanBnfDU2MzRkNWY0Y2MzNGU3ZDMwMWE2ODE5OWQwNjFkM2M5YTU2N2E1NjkwYzAxZjI3YTJiMDM4OGNlYzliYWNhMmY,$699.99
"MSI GS75 Stealth 9S7-17G111-280 17.3” Gaming Laptop with Intel® i7-9750H, 1TB SSD, 32GB RAM, NVIDIA RTX 2080 Max Q & Windows 10 Pro",https://www.thesource.ca/medias/20191108092746-108085365-A.jpg-mediaConversion-640-x-480-mediaConversion-400-x-300-mediaConversion-200-x-150-0?context=bWFzdGVyfGltYWdlc3w5MDk4fGltYWdlL2pwZWd8aW1hZ2VzL2g1ZS9oZDYvOTE5MTg5MjI1NDc1MC5qcGd8MDU3NjRhZGExZGY1ZjcyYTBhMWNjOGQ0MzdlMWFlNmRlYTk3ODkyNzE4MTllYzRkODhlMTI3MjVhZDQ4NjBiNA,"$4,099.99"
"Toshiba DYNABOOK Tecra C50-E PS591C-0Y201R 15.6” Laptop with Intel® i3-8130U, 1TB HDD, 8GB RAM & Windows 10 Home - Black",https://www.thesource.ca/medias/20200128135648-108081683-A.jpg-mediaConversion-640-x-480-mediaConversion-400-x-300-mediaConversion-200-x-150-0?context=bWFzdGVyfGltYWdlc3w4OTIzfGltYWdlL2pwZWd8aW1hZ2VzL2g4MC9oMGEvOTIyNDkzOTgzMTMyNi5qcGd8ODM2MzEwMjE1ZTFkMWNkNTdmMTYyOTFmZjYwYTBlNzM2OGFhYTM0NzJlOTZkMjg1ZjA4ZWMzNDVmYTI2ZTVhOA,$729.99
"Toshiba DYNABOOK Tecra C50-E PS591C-0Y101M 15.6” Laptop with Intel® i3-8130U, 1TB HDD, 8GB RAM & Windows 10 Pro - Black",https://www.thesource.ca/medias/20200128135648-108081683-A.jpg-mediaConversion-640-x-480-mediaConversion-400-x-300-mediaConversion-200-x-150-0?context=bWFzdGVyfGltYWdlc3w4OTIzfGltYWdlL2pwZWd8aW1hZ2VzL2g4MC9oMGEvOTIyNDkzOTgzMTMyNi5qcGd8ODM2MzEwMjE1ZTFkMWNkNTdmMTYyOTFmZjYwYTBlNzM2OGFhYTM0NzJlOTZkMjg1ZjA4ZWMzNDVmYTI2ZTVhOA,$769.99
"Apple MacBook Air 13.3” 256GB, 1.1GHz with Intel® i3 10th Generation Processor - Space Grey - English",https://www.thesource.ca/medias/20200324143054-108087800-A.jpg-mediaConversion-640-x-480-mediaConversion-400-x-300-mediaConversion-200-x-150-0?context=bWFzdGVyfGltYWdlc3w5MzUxfGltYWdlL2pwZWd8aW1hZ2VzL2hhZC9oZTQvOTIzNjM1ODIwMTM3NC5qcGd8MGUyYThhOGM0ZDE2NjExMjY0Mjk2Y2VhNGI0NjIzYWMxZDhhZTYyMDI3MDU3NTQ1ZDcwZWNkZTFjM2UyNDIyOA,"$1,299.99"
"Apple MacBook Air 13.3” 256GB, 1.1GHz with Intel® i3 10th Generation Processor - Silver - English",https://www.thesource.ca/medias/20200324143054-108087803-A.jpg-mediaConversion-640-x-480-mediaConversion-400-x-300-mediaConversion-200-x-150-0?context=bWFzdGVyfGltYWdlc3w4NzQ2fGltYWdlL2pwZWd8aW1hZ2VzL2hjMS9oYjIvOTIzNjM2MTYwOTI0Ni5qcGd8YzU2OWYxOWZmZTFhMDgwMzJiOWVjOTZhYzM1ZmFlM2E4OTdhNzFjNmQ2YmZjOWU0NDEyNzkyMWI5NGM0ZjEwYQ,"$1,299.99"
"Apple MacBook Air 13.3” 512GB, 1.1GHz with Intel® i5 10th Generation Processor - Gold - English",https://www.thesource.ca/medias/20200324143054-108087810-A.jpg-mediaConversion-640-x-480-mediaConversion-400-x-300-mediaConversion-200-x-150-0?context=bWFzdGVyfGltYWdlc3w5NTcyfGltYWdlL2pwZWd8aW1hZ2VzL2hjMS9oNTQvOTIzNjUzNDA5OTk5OC5qcGd8ZTM3Mjg4OTUxZjA2MTc4OGMzMDljZThmYWYyNjIxZGRlMzBjMmRmMWUwY2EwYmU1NDM4ODA2M2RlZTc0ZjQyOA,"$1,699.99"
"Apple MacBook Air 13.3” 512GB, 1.1GHz with Intel® i5 10th Generation Processor - Silver - English",https://www.thesource.ca/medias/20200324143054-108087808-A.jpg-mediaConversion-640-x-480-mediaConversion-400-x-300-mediaConversion-200-x-150-0?context=bWFzdGVyfGltYWdlc3w4NzQ2fGltYWdlL2pwZWd8aW1hZ2VzL2g3NS9oYzEvOTIzNjUzMjAwMjg0Ni5qcGd8ZWE4NDYzZGEyZmY4NTQyYzE0MTMwMTBhNjQ0NzQwOTFmYjQ2Y2I2YzM4NjQ0ZjA3NWNkZDZkMWY2YzNjZjZmYg,"$1,699.99"
"Apple MacBook Air 13.3” 512GB, 1.1GHz with Intel® i5 10th Generation Processor - Space Grey - English",https://www.thesource.ca/medias/20200324143054-108087806-A.jpg-mediaConversion-640-x-480-mediaConversion-400-x-300-mediaConversion-200-x-150-0?context=bWFzdGVyfGltYWdlc3w5MzUxfGltYWdlL2pwZWd8aW1hZ2VzL2gwNy9oYjAvOTIzNjUyOTM4MTQwNi5qcGd8NGZkNDQ3NmE2NmFhNmM5MzNjNTBmZDA0ODBhMDA3YTA5OTFiNjEwZDg5N2YzMzE2MzU5ZDZjMWIwMzU0NjdlMQ,"$1,699.99"
"Apple MacBook Pro 13.3” 256GB, 1.4GHz, Intel® i5 with Touch Bar - Silver - English",https://www.thesource.ca/medias/20191205104905-108086255-A.jpg-mediaConversion-640-x-480-mediaConversion-400-x-300-mediaConversion-200-x-150-0?context=bWFzdGVyfGltYWdlc3w2MDY5fGltYWdlL2pwZWd8aW1hZ2VzL2hkYS9oZTgvOTIwODU5MDcyOTI0Ni5qcGd8ZjI0NzIxYmNiOWRjMzlmMWEzZTljNjhlZmVkNjE3ZDg0MWFkYjIwZTZhNWYzM2ExNjAyYzc1ZWE4OGQ4ZDYyZQ,"$1,949.99"
"Apple MacBook Pro 13.3” 128GB, 1.4GHz, Intel® i5 with Touch Bar - Silver - English",https://www.thesource.ca/medias/20191205104905-108086257-A.jpg-mediaConversion-640-x-480-mediaConversion-400-x-300-mediaConversion-200-x-150-0?context=bWFzdGVyfGltYWdlc3w2MDY5fGltYWdlL2pwZWd8aW1hZ2VzL2hhOC9oYWIvOTIwODU5MjMwMjExMC5qcGd8NTI1M2YxMmE1Y2Y3OTFhYzE3ODhkY2ExNGRiY2U5MTE0ZjA2NTg3NWVjNzUyMDAwMGFlYmQwNmM4YmFlMDVlZA,"$1,699.99"
"Apple MacBook Pro 13.3” 512GB, 2.4GHz, Intel® i5 with Touch Bar - Space Grey - French",https://www.thesource.ca/medias/20191205111905-108086252-A.jpg-mediaConversion-640-x-480-mediaConversion-400-x-300-mediaConversion-200-x-150-0?context=bWFzdGVyfGltYWdlc3w1OTgwfGltYWdlL2pwZWd8aW1hZ2VzL2hkNy9oY2MvOTIwODYwMTczOTI5NC5qcGd8YTg1NzQ3YWJiNjIyNDAxZDk2Y2E3OGU4NjY4MzM0MTNmOWJkNjY5MDQ4NDk2NmQ5NzliY2YxZGFjZmI3NTQyMg,"$2,649.99"
"Toshiba Tecra C50-E-0C4 15.6” Laptop with Intel® i5-8250U, 256GB SSD, 8GB RAM & Windows 10 Home - Black",https://www.thesource.ca/medias/20200128132603-108079901-A.jpg-mediaConversion-640-x-480-mediaConversion-400-x-300-mediaConversion-200-x-150-0?context=bWFzdGVyfGltYWdlc3w4ODU4fGltYWdlL2pwZWd8aW1hZ2VzL2hjZi9oOTEvOTIyNDkzNzI0MjY1NC5qcGd8MWQ4NzE5MWFhNzc3ZmUwYWQ3NmYyZDQ2YmExOThkZDg3NWIwYTcwZWI2YTgyNjcxYThmMjViYzQwYjU5MjdhOA,$949.99
"ASUS K540UA-Q51P-CB 15.6"" Laptop with Intel® i5-8250U, 8GB RAM, 1TB SSHD & Windows 10 Pro - Chocolate Black & Gold",https://www.thesource.ca/medias/20190301102738-108081025-A.jpg-mediaConversion-640-x-480-mediaConversion-400-x-300-mediaConversion-200-x-150-0?context=bWFzdGVyfGltYWdlc3wyNjM0MnxpbWFnZS9qcGVnfGltYWdlcy9oMzQvaDliLzkxNDY1NTE1OTkxMzQuanBnfDI2Mzk0YTEwYTY2NWMyZjk1NGJlZjg4YmJmMmMxNTQ1ZmE1YmUwMTkzODZhZDBiNGI3N2I1Yjc5ZjJjZTljNGQ,$849.99
"ASUS ROG Strix SCAR II Edition GL504GW-DS74 15.6” Gaming Laptop with Intel® i7-8750H, 512GB SSD, 16GB RAM, NVIDIA RTX 2070 & Windows 10 - Black",https://www.thesource.ca/medias/20190226142116-108081045-A.jpg-mediaConversion-640-x-480-mediaConversion-400-x-300-mediaConversion-200-x-150-0?context=bWFzdGVyfGltYWdlc3wzMjkyMHxpbWFnZS9qcGVnfGltYWdlcy9oNjgvaDU2LzkxNDU5NTU2ODAyODYuanBnfDM0MGQyODdiNzNjZWQ5YTg3OGExMjM4YWUwNWI2Y2I0ZmI0MjMzOWZjN2MyN2M2OTg3OTgyYTNiZmQxMDIyNjI,"$2,599.99"
"ASUS VivoBook Max X541NA-QP2ST-CB 15.6” Laptop with Intel® N4200, 256GB SSD, 4GB RAM & Windows 10 - Silver Gradient",https://www.thesource.ca/medias/20190301095638-108081041-A.jpg-mediaConversion-640-x-480-mediaConversion-400-x-300-mediaConversion-200-x-150-0?context=bWFzdGVyfGltYWdlc3wyNDgwM3xpbWFnZS9qcGVnfGltYWdlcy9oN2QvaDM3LzkxNDY1MTEzOTI3OTguanBnfDFiNWYxZWI4MDI1NTJlMDIwMGNmNzkwYjY1MmMyNGE3M2UzODdhYTFiM2IyZGMyOWMxOTY1ZjUxNTExYjNlYWI,$599.99
"ASUS ZenBook 13 UX331UA-Q32-CB 13.3” Laptop with Intel® i3-8130U, 256GB SSD, 8GB RAM & Windows 10 - Royal Blue",https://www.thesource.ca/medias/20190312103431-108081031-A.jpg-mediaConversion-640-x-480-mediaConversion-400-x-300-mediaConversion-200-x-150-0?context=bWFzdGVyfGltYWdlc3wyMjAzOHxpbWFnZS9qcGVnfGltYWdlcy9oMDYvaGE0LzkxNDg0NTUzMjE2MzAuanBnfDVjOWM4OTBhMDc2NjlmYzlmMmY5NDg4MTE2NTg0ZmFmZWY1YTQyNDI2NDY2NWI0NWVlNjJjOWQ0NzRjZGIwODQ,$999.99
"Acer Predator Triton 500 PT515-51-765U 15.6” Gaming Laptop with i7-8750H, 1TB SSD, 32GB RAM, NVIDIA RTX 2080 & Windows 10 Home",https://www.thesource.ca/medias/20190708115622-108082532-A.jpg-mediaConversion-640-x-480-mediaConversion-400-x-300-mediaConversion-200-x-150-0?context=bWFzdGVyfGltYWdlc3wyODU3NXxpbWFnZS9qcGVnfGltYWdlcy9oNGQvaDI3LzkxNjkwOTY5MzM0MDYuanBnfDg1MjdmMjQ2ZmQxZWM1MjVkNjIwNzAxY2E4NzFmOTI3ZTgxYjMyZjc2NTI0Mzc4ZGFjNGM0ZTY3MjEwMTU4Mzg,"$3,999.99"
"Acer Predator Triton 500 PT515-51-75L8 15.6” Gaming Laptop with i7-8750H, 512GB SSD, 16GB RAM, NVIDIA RTX 2080 & Windows 10 Home",https://www.thesource.ca/medias/20190708115622-108082539-A.jpg-mediaConversion-640-x-480-mediaConversion-400-x-300-mediaConversion-200-x-150-0?context=bWFzdGVyfGltYWdlc3wyODU3NXxpbWFnZS9qcGVnfGltYWdlcy9oNDgvaDE5LzkxNjkwOTg3Njg0MTQuanBnfDViNGVhOGVkOWI1NDBhZjE3NGMxZDE2ZjE2MjBiZTFjZTZkMTJjZmVkODVhZGU3YjUxYmMzMDZhYjc0ODljNWM,"$3,299.99"
"Acer Aspire A515-52G-73DF 15.6” Laptop with Intel® i7-8565U, 1TB HDD, 128GB SSD, 8GB RAM, NVIDIA® MX250 & Windows 10 Home - Black",https://www.thesource.ca/medias/20190709081221-108082543-A.jpg-mediaConversion-640-x-480-mediaConversion-400-x-300-mediaConversion-200-x-150-0?context=bWFzdGVyfGltYWdlc3wzMjcyMXxpbWFnZS9qcGVnfGltYWdlcy9oYjkvaGUyLzkxNjkyMTA3MDM5MDIuanBnfGMwZjBiMTZmNjBhY2IwN2RjNmY5MzcxM2M3ZDY3YzRhMDc2OWM4YTFlNTU2OWJlY2FiMTkwN2ExZDUwYWI1NGY,"$1,099.99"
"Acer Spin SP111-34N-P4BZ 11.6” Touchscreen Laptop with Intel® N5000, 64GB eMMC, 4GB RAM & Windows 10 - Silver",https://www.thesource.ca/medias/20190718132908-108082544-A.jpg-mediaConversion-640-x-480-mediaConversion-400-x-300-mediaConversion-200-x-150-0?context=bWFzdGVyfGltYWdlc3wyODI0M3xpbWFnZS9qcGVnfGltYWdlcy9oNWEvaDJjLzkxNzEyNjMxMjc1ODIuanBnfGYwNGU2OTM3MTM3ZWYzNWE0MGQ1YTQyZDI5NGM0ZTdlYjI4MDMwODljOGZiYTM1NjY0Y2ZhZTcwMjhhZTVhN2Q,$549.99
"ASUS Zenbook Pro UX580GE 15.6"" Laptop with Intel® i9-8950H, 512GB SSD, 16GB RAM, NVIDIA GTX 1050Ti 4GB & Windows 10 Pro - Deep Ocean Blue",https://www.thesource.ca/medias/20181026132941-108079282-A.jpg-mediaConversion-640-x-480-mediaConversion-400-x-300-mediaConversion-200-x-150-0?context=bWFzdGVyfGltYWdlc3wxNjQyNnxpbWFnZS9qcGVnfGltYWdlcy9oZDMvaGE4LzkxMDcwNTIwNjg4OTQuanBnfDRkY2FhNDhjNzNhYjk1ZDBjYWIzMDdhMmY0YWY3YmY3MzRjNGI5N2Y2ZThlZWMzYzZhYjVhMzFkNDhlNDI2OTU,"$2,999.99"
"MSI GE75 9SG-423CA 17.3"" Gaming Laptop with Intel® i7-9750H, 16 GB DDR4, 512GB NVMe SSD + 1TB HDD, GeForce RTX 2080 & Windows 10 - Aluminum Black",https://www.thesource.ca/medias/20200401110514-108087865-A.jpg-mediaConversion-640-x-480-mediaConversion-400-x-300-mediaConversion-200-x-150-0?context=bWFzdGVyfGltYWdlc3wyMTkxNHxpbWFnZS9qcGVnfGltYWdlcy9oZWQvaGRhLzkyMzkzMTYzMzI1NzQuanBnfDQ5ZWU2ZTUwYTM2M2FhYzJlZmViNDcwMTg4ZGMzNTBjMzc4MDgyMjY5MDcyNWRhYjg3NWQwZTkyNWMyYmNmZDc,"$3,499.99"
"MSI WE75 9TJ-011CA Mobile Workstation 17.3"" Gaming Laptop with Intel Core i7-9750H, 32GB DDR4, 512GB NVMe PCIe SSD +1TB HDD, NVIDIA Quadro T2000 & Windows 10 Pro - Aluminum Black",https://www.thesource.ca/medias/20200326115310-108087859-A.jpg-mediaConversion-640-x-480-mediaConversion-400-x-300-mediaConversion-200-x-150-0?context=bWFzdGVyfGltYWdlc3wxNjE1NnxpbWFnZS9qcGVnfGltYWdlcy9oNmYvaDk4LzkyMzcyMzA4NDU5ODIuanBnfDQ0ZjZkMzQzYmJjNmE4ZGIxMDBjNjM2MjllNTUwZDBlZWNmMDJiZjA1YWM0NzM5ZmM1ZmU2OTYxMTBmZmRjM2M,"$2,799.99"
"MSI WS75 9TK-656CA Mobile Workstation 17.3"" Gaming Laptop with Intel Core i7-9750H, 32GB DDR4, 1TB NVMe PCIe SSD, NVIDIA Quadro RTX 3000 & Windows10 Pro - Matte Black",https://www.thesource.ca/medias/20200326095254-108087855-A.jpg-mediaConversion-640-x-480-mediaConversion-400-x-300-mediaConversion-200-x-150-0?context=bWFzdGVyfGltYWdlc3wxNDI3MHxpbWFnZS9qcGVnfGltYWdlcy9oMjAvaDEwLzkyMzcwNzg4MDI0NjIuanBnfDczYWE4ZWZjYWEzZWNiYWFmNWRhNDNkZjA0MThlNmQ5YzRlMjI5NjRlZDE0NmQ2MjU3OTY3MTJkZmZkMTQwZWQ,"$3,499.99"
"MSI WS65 9TJ-010CA Mobile Workstation 15.6"" Laptop with Intel Core i7-9750H, 32GB DDR4, 1TB NVMe PCIe SSD, NVIDIA Quadro T2000 & Windows 10 Pro - Matte Black",https://www.thesource.ca/medias/20200325134004-108087853-A.jpg-mediaConversion-640-x-480-mediaConversion-400-x-300-mediaConversion-200-x-150-0?context=bWFzdGVyfGltYWdlc3wxNDE4OXxpbWFnZS9qcGVnfGltYWdlcy9oYTMvaDA4LzkyMzY4NDg3MDU1NjYuanBnfDFhMzE0NDQwZTcxOTIxMjEwZWNkOTYyZjVjZGVkMjZkMzI5ZTFmNTFjMGY1NDVlMzM0ZjMxNjE2Yjc3NjEyNjU,"$2,999.99"
"MSI WS65 9TK-899CA Mobile Workstation 15.6"" Gaming Laptop with Intel Core i7-9750H 32GB DDR4, 1TB NVMe PCIe SSD,  NVIDIA Quadro RTX 3000 & Windows10 Pro - Matte Black",https://www.thesource.ca/medias/20200325141134-108087854-A.jpg-mediaConversion-640-x-480-mediaConversion-400-x-300-mediaConversion-200-x-150-0?context=bWFzdGVyfGltYWdlc3wxNDE4OXxpbWFnZS9qcGVnfGltYWdlcy9oNGEvaGQyLzkyMzY5MjE2MTQzNjYuanBnfDJjNzlkNjExYzc0MmRhMzMxMTk4ZWNjMDQ0NGUxOGZmYzE1NzQ1YWFjYWI5NjhlNGFlMzU1ZGVmZmVhMWMzZDE,"$3,499.99"
"MSI WP65 9TH-433CA Mobile Workstation 15.6"" Gaming Laptop with Intel Core i7-9750H, 8GB DDR4, 256 GB SSD, NVIDIA Quadro P620 &  Windows 10 Pro - Aluminum Black",https://www.thesource.ca/medias/20200325093847-108087849-A.jpg-mediaConversion-640-x-480-mediaConversion-400-x-300-mediaConversion-200-x-150-0?context=bWFzdGVyfGltYWdlc3wxNTc0OXxpbWFnZS9qcGVnfGltYWdlcy9oMzMvaDM0LzkyMzY4MjI5MTcxNTAuanBnfGYzMjgwZmIyNzFmMmJlMWUxNDMzN2ZkODVkMjc3YjYzNGNlYzc1NWRhMDk3ODk1NTA4MmJmNWVkYTY5YzgyZTM,"$1,699.99"
"MSI WS65 9TJ-014CA Mobile Workstation 15.6"" Gaming Laptop with Intel Core i7-9750H, 16GB DDR4, 512GB NVMe SSD, NVIDIA Quadro T2000 & Windows 10 Pro - Matte Black",https://www.thesource.ca/medias/20200325120903-108087852-A.jpg-mediaConversion-640-x-480-mediaConversion-400-x-300-mediaConversion-200-x-150-0?context=bWFzdGVyfGltYWdlc3wxNDE4NHxpbWFnZS9qcGVnfGltYWdlcy9oYzUvaDlkLzkyMzY4Mzk1MzA1MjYuanBnfDU4YWY1YmE2MzAyZGIxNGRmNzVmZDVmOGYwZmE3ZmMyODVjZTgzNGI4ZTk5MTQ5ODFhYzE2NmEzYjI3NjFlN2M,"$2,699.99"
"HP ProBook 440 G6 6QJ31UT#ABA 14” Laptop with Intel® i5-8265U, 500GB HDD, 4GB RAM & Windows 10 Pro",https://www.thesource.ca/medias/20190711165606-108083109-A.jpg-mediaConversion-640-x-480-mediaConversion-400-x-300-mediaConversion-200-x-150-0?context=bWFzdGVyfGltYWdlc3wyNDY5MXxpbWFnZS9qcGVnfGltYWdlcy9oOTUvaDQwLzkxNjk3MzQ1NjU5MTguanBnfDY0ZTc2N2VjZTE2MDRkMGU1OGE3Y2I3ZWU3NjIyN2QyMDljNTJhODUzZjg5MDc0OTg1MjI3YTk3MjU5ZTE2ODA,$989.99
"Google Pixelbook Go Better GA00841-US 13.3” Touchscreen Laptop with Intel® i5, 128GB SSD, 8GB RAM & Chrome OS - Not Pink",https://www.thesource.ca/medias/20191112112824-108085996-A.jpg-mediaConversion-640-x-480-mediaConversion-400-x-300-mediaConversion-200-x-150-0?context=bWFzdGVyfGltYWdlc3w3MjU0fGltYWdlL2pwZWd8aW1hZ2VzL2g5Ni9oMWYvOTE5Mjc2NDI0Mzk5OC5qcGd8MzVhYjljY2UxZDYwOGRlYjlhMWJiZDRhMjRmMzEyOWYyNDM4MDQ0MWIxNGZlYjkyNjU3ZDcxNDhlN2EyZWUwNA,"$1,149.99"
"Google Pixelbook Go Better GA00521-CA 13.3” Touchscreen Laptop with Intel® i5, 128GB SSD, 8GB RAM & Chrome OS - Just Black - French",https://www.thesource.ca/medias/20191112115854-108085995-A.jpg-mediaConversion-640-x-480-mediaConversion-400-x-300-mediaConversion-200-x-150-0?context=bWFzdGVyfGltYWdlc3w2Nzk2fGltYWdlL2pwZWd8aW1hZ2VzL2gzMy9oYzEvOTE5Mjc3NTAyNDY3MC5qcGd8YTkxM2E3ZmE5ZDgyZDNlODg0NTM1NzlkMzM5ODFiMjcwNDFjYWJjNmE0Zjc2ZGUzMTQ2NTZlOTBhN2RmNWUzMw,"$1,149.99"
"Google Pixelbook Go Better Plus GA00523-US 13.3” Touchscreen Laptop with Intel® i5, 128GB SSD, 16GB RAM & Chrome OS - Just Black",https://www.thesource.ca/medias/20191112115854-108085994-A.jpg-mediaConversion-640-x-480-mediaConversion-400-x-300-mediaConversion-200-x-150-0?context=bWFzdGVyfGltYWdlc3w2Nzk2fGltYWdlL2pwZWd8aW1hZ2VzL2gxNC9oZjgvOTE5Mjc3MzcxMzk1MC5qcGd8Nzk1MDhlN2M5NWMzOWZiMTY3ZTIwOGFmZDQ3MTJiYTAwNmE1NzE3YzUzNDIyMjk2ZjZhNDAwZjI5NzM1MDI0ZA,"$1,349.99"
"Google Pixelbook Go Best GA00526-US 13.3” Touchscreen Laptop with Intel® i7, 256GB SSD, 16GB RAM & Chrome OS - Just Black",https://www.thesource.ca/medias/20191112115854-108085992-A.jpg-mediaConversion-640-x-480-mediaConversion-400-x-300-mediaConversion-200-x-150-0?context=bWFzdGVyfGltYWdlc3w2Nzk2fGltYWdlL2pwZWd8aW1hZ2VzL2g3Ni9oMTAvOTE5Mjc3MjQwMzIzMC5qcGd8ZjAzMmZiZGY1YzEyODk2ZGVjNGNiNjgwMGE0YjdlYjg3YWUxMDZjY2E1NzM1MTdlYzQwMDZkNTY0NGZkMTUyZA,"$1,849.99"
"Toshiba Tecra C40-D-00D 14"" Laptop with Intel® i5-7200U, 1TB HDD, 8GB RAM & Windows 10 Home",https://www.thesource.ca/medias/20200128135648-108070245-A.jpg-mediaConversion-640-x-480-mediaConversion-400-x-300-mediaConversion-200-x-150-0?context=bWFzdGVyfGltYWdlc3w5NjA1fGltYWdlL2pwZWd8aW1hZ2VzL2hkMS9oOTUvOTIyNDkzOTMwNzAzOC5qcGd8NjliMmYzMWIxZTM5ZjNhNWE0ZmM4YmMyZDk2MzNmMTYxZWQzZjYyMjE2Y2M0NGM3M2EwNTUwYjU3ZDRiMzRjZA,$849.99
"MSI GS75 Stealth 9S7-17G111-283 17.3” Gaming Laptop with Intel® i7-9750H, 512GB SSD, 16GB RAM, NVIDIA RTX 2060 & Windows 10 Pro",https://www.thesource.ca/medias/20191016121230-108085370-A.jpg-mediaConversion-640-x-480-mediaConversion-400-x-300-mediaConversion-200-x-150-0?context=bWFzdGVyfGltYWdlc3w5MDI3fGltYWdlL2pwZWd8aW1hZ2VzL2g5MS9oZWIvOTE4NjgxMTg3MTI2Mi5qcGd8ZTdjM2ZhODgzNmQxYjkxYmFiZGQzMDZlNWJkMjI3NWQzYTcwNjY3YTllNDMxOTk4ZDA4NjRlMjUxOWZkNjllZA,"$2,599.99"
"MSI GS65 Stealth 9S7-16Q411-418 15.6” Gaming Laptop with Intel® i7-9750H, 512GB SSD, 16GB RAM, NVIDIA GTX 1660 Ti & Windows 10 Pro",https://www.thesource.ca/medias/20191016121230-108085366-A.jpg-mediaConversion-640-x-480-mediaConversion-400-x-300-mediaConversion-200-x-150-0?context=bWFzdGVyfGltYWdlc3w4MDEwfGltYWdlL2pwZWd8aW1hZ2VzL2g3My9oZmQvOTE4NjgxMTYwOTExOC5qcGd8MjYxZDdhNGIyYWZkMDExNmVjZjlhMzU3NjM1MjBiZDA1ZTM1ZDQyMDEwN2I4OGQwYWRkNmU4Zjg2YzI5ZGYzYQ,"$2,299.99"
"MSI GS75 Stealth 9S7-17G111-282 17.3” Gaming Laptop with Intel® i7-9750H, 512GB SSD, 16GB RAM, NVIDIA RTX 2070 & Windows 10 Pro",https://www.thesource.ca/medias/20191016121230-108085371-A.jpg-mediaConversion-640-x-480-mediaConversion-400-x-300-mediaConversion-200-x-150-0?context=bWFzdGVyfGltYWdlc3w5MTE5fGltYWdlL2pwZWd8aW1hZ2VzL2g0Ni9oNzYvOTE4NjgxMjEzMzQwNi5qcGd8ZTBiYzI4ZDdhNGUyZTk4YWE0MWE5ZmYyNDUzMGViYzdmN2ZkOWIzM2ZmNWIxMTRlZmE2NTA2MDVlNDljYTEwMQ,"$3,099.99"
"Toshiba Tecra C50-E-1V6 15.6” Laptop with Intel® i7-8550U, 1TB HDD, 8GB RAM & Windows 10 - Black",https://www.thesource.ca/medias/20200128132603-108079903-A.jpg-mediaConversion-640-x-480-mediaConversion-400-x-300-mediaConversion-200-x-150-0?context=bWFzdGVyfGltYWdlc3w4ODcxfGltYWdlL2pwZWd8aW1hZ2VzL2gxMi9oM2QvOTIyNDkzNzc2Njk0Mi5qcGd8MWQzNzNlOTg4ZDYyOGQxMmRhMDFiMTA5NWZmNjI5MGUzZjZlN2M0ZTMyMDYzN2I2NjM2ZWQ0OThjYjJkNTcyYg,$999.99
"Toshiba Satellite Pro A40-C-0VT 14” Laptop with Intel® i3-6006U, 1TB HDD, 8GB RAM & Windows 10 Home",https://www.thesource.ca/medias/20200128132603-108079904-A.jpg-mediaConversion-640-x-480-mediaConversion-400-x-300-mediaConversion-200-x-150-0?context=bWFzdGVyfGltYWdlc3w5MjQ5fGltYWdlL2pwZWd8aW1hZ2VzL2g0Mi9oNGMvOTIyNDkzODAyOTA4Ni5qcGd8Y2JjMjY2ZmViN2NlNWEwMjRhZmFjYjFlMjVhOTBiY2ExZjZhY2I3N2I3MDRiNjg1ZmIyYWY2MmUyZDFiZDI5Yg,$729.99
"Toshiba Tecra PS595C-1VU01C 15.6” Laptop with Intel® i7-8550U, 512GB SSD, 8GB RAM & Windows 10 Pro - Black",https://www.thesource.ca/medias/20200128132603-108079902-A.jpg-mediaConversion-640-x-480-mediaConversion-400-x-300-mediaConversion-200-x-150-0?context=bWFzdGVyfGltYWdlc3w4OTgzfGltYWdlL2pwZWd8aW1hZ2VzL2gyZS9oOWQvOTIyNDkzNzUwNDc5OC5qcGd8NTYwYWQzNmQ2NDdkYTM4MGU2NThhNjg4N2NiZjQyZGM1YzUwMTgyMmJkMTQyYmQ5MDU4MDJkYjc5MzRiZWE3Nw,"$1,499.99"
"Toshiba Tecra C50-E-1VL 15.6” Laptop with Intel® i7-8550U, 256GB SSD, 8GB RAM & Windows 10 Home - Black",https://www.thesource.ca/medias/20200128135648-108081687-A.jpg-mediaConversion-640-x-480-mediaConversion-400-x-300-mediaConversion-200-x-150-0?context=bWFzdGVyfGltYWdlc3w4OTIzfGltYWdlL2pwZWd8aW1hZ2VzL2g3NC9oZGYvOTIyNDk0MDg3OTkwMi5qcGd8YjdhNTI1MGY5YjFjNTBjZmQwMmNhNTZhOWMyZjBjMDNlOTQ0NzliYzQwYTJkMzk3OWU2ZjYyNDdhZGNjZWYwZA,"$1,149.99"
